<?xml version="1.0" encoding="utf-8"?>
<License>
  <Id>9db947e3-dce0-483f-97d4-a44cf3e481aa</Id>
  <ProductName>Mail.dll</ProductName>
  <SubscriptionUntil>2013-06-12</SubscriptionUntil>
  <RegisteredTo>SISPRO S.A.</RegisteredTo>
  <LicenseType>Single developer</LicenseType>
  <BuyerName>SISPRO S.A.</BuyerName>
  <Signature xmlns="http://www.w3.org/2000/09/xmldsig#">
    <SignedInfo>
      <CanonicalizationMethod Algorithm="http://www.w3.org/TR/2001/REC-xml-c14n-20010315" />
      <SignatureMethod Algorithm="http://www.w3.org/2000/09/xmldsig#rsa-sha1" />
      <Reference URI="">
        <Transforms>
          <Transform Algorithm="http://www.w3.org/2000/09/xmldsig#enveloped-signature" />
        </Transforms>
        <DigestMethod Algorithm="http://www.w3.org/2000/09/xmldsig#sha1" />
        <DigestValue>GhT1Cpue8e1r8NvPJfBiKD6s9ik=</DigestValue>
      </Reference>
    </SignedInfo>
    <SignatureValue>Uo+JHcPfX4fYCLIcL297Wp6p+C4NHSoeS7JcPYbBQ/+RwwoJ5wSgMzdEM442ot5vBXs1H8PdhRj4tQ3oErgPS2WwFDQ1BoaDCpNebiII4PnmNOoEyjqfYgfpq49FnwUdI8Cfc3MoMZRPtcNYDzRbJ7xCd+x6p4yUAm/XQJL3F48=</SignatureValue>
  </Signature>
</License>